{
    "vuosiluokkakokonaisuuden-erityispiirteet-ja-tehtavat-info":
        "Mitkä ovat vuosiluokkakokonaisuuden erityispiirteet ja tehtävät (perusteiden kuvauksia voidaan hyödyntää sellaisenaan) sekä niihin liittyvät paikalliset painotukset ja miten tehtävän toteutumista seurataan ja kehitetään?",
    "vuosiluokkakokonaisuuden-laaja-alaisen-osaamisen-alueet-info":
        "Mitkä ovat laaja-alaisen osaamisen tavoitteet vuosiluokilla (perusteiden tavoitekuvauksia voidaan hyödyntää sellaisenaan) sekä niiden mahdolliset paikalliset painotukset ja miten oppilaiden laaja-alaisen osaamisen kehittymistä tuetaan vuosiluokilla?",
    "vuosiluokkakokonaisuuden-siirtyma-aikaisempi-nykyinen-info":
        "Miten tuetaan oppilaiden siirtymistä esiopetuksesta perusopetukseen? Toimintatavat siirtymävaiheessa. Tarvittava yhteistyö, työnjako ja vastuut.",
    "vuosiluokkakokonaisuuden-siirtymä-nykyinen-seuraava-info":
        "Miten tuetaan oppilaiden siirtymistä toiselta kolmannelle vuosiluokalle? Toimintatavat siirtymävaiheessa. Tarvittava yhteistyö, työnjako ja vastuut.",
    "aloita-uusi-ops": "Luo uusi opetussuunnitelma",
    "aloita-uusi-pohja": "Luo uusi pohja",
    "anna-hyvaksymispvm": "Anna hyväksymispäivämäärä",
    "anna-paatospaivamaara": "Anna hyväksymispäivämäärä",
    "aloita-vuosiluokkaistaminen": "Aloita valitsemalla 'Vuosiluokkaista tavoitteet'.",
    "arvioinnin-kohde": "Arvioinnin kohde",
    "arviointi-vuosiluokan-paatteeksi": "Päättöarvioinnin kriteerit oppimäärän päättyessä",
    "arvion-hyva-osaaminen": "Arvosanan kahdeksan osaaminen",
    "arvion-kuvaus": "Arvion kuvaus",
    "arvosana": "Arvosana",
    "arvosana-numero": "numero",
    "arvosana-sanallinen": "sanallinen",
    "aseta-opsin-tila": "Aseta opetussuunnitelman tila",
    "aseta-pohjan-tila": "Aseta pohjan tila",
    "diaarinumero": "Diaarinumero",
    "editoimasi-sisalto-on-muuttunut": "Muokkaamasi sisältö on muuttunut",
    "ei-maaritetty": "Tyhjä",
    "ei-opetussuunnitelmia": "Ei opetussuunnitelmia",
    "ei-perustetta-info":
        "Opetussuunnitelman pohjalla olevaa perustetta ei löytynyt. Näkyvillä ovat vain paikallisesti määritetyt sisällöt.",
    "ei-pohjaa-koulutustyypille": "Koulutustyypille ei löydy valmista pohjaa järjestelmästä.",
    "ei-paikallista-sisaltoa": "Paikallista OPS-sisältöä ei määritelty",
    "ei-pohjia": "Ei pohjia",
    "ei-tekstikappaleita": "Ei tekstikappaleita",
    "ei-valinnaisia-aineita": "Valinnaisia aineita ei ole luotu.",
    "esikatselu": "Esikatselu",
    "esikatseltavissa": "Esikatseltavissa",
    "ei-esikatseltavissa": "Ei esikatseltavissa",
    "kasitteet": "Käsitteet",
    "ei-termeja": "Käsitteitä ei ole määritelty",
    "opetussuunnitelman-termisto": "Opetussuunnitelman termistö",
    "etusivu": "Etusivu",
    "fi": "suomi",
    "hallinta": "Hallinta",
    "haluatko-jatkaa": "Haluatko jatkaa?",
    "huom": "Huom!",
    "hyvaksyjataho": "Hyväksyjätaho",
    "hyvaksymispvm-label": "Hyväksymispäivämäärä",
    "jarjestelmavirhe-teksti":
        "Tapahtui järjestelmävirhe {{virhekoodi}}. Ole hyvä ja yritä uudelleen. Jos ongelma toistuu ota yhteyttä palvelun ylläpitäjään.",
    "jarjesta-oppiaineita": "Järjestä oppiaineita",
    "jatka": "Jatka",
    "joku-toinen-on-muokannut-dokumenttia":
        "Joku toinen henkilö on muokannut dokumenttia. Voit joko perua omat muutoksesi tai jatkaa dokumentin editointia ja ylikirjoittaa toisen muutokset.",
    "julkaistu": "Julkaistu",
    "julkaisukielet": "Julkaisukielet",
    "kaikki": "Kaikki",
    "kaikki-vuosiluokkaistettu": "Kaikki tavoitteet vuosiluokkaistettu",
    "kaikkia-ei-vuosiluokkaistettu": "Kaikkia tavoitteita ei ole vuosiluokkaistettu",
    "kappaleen-otsikko": "Otsikko",
    "kayta-pohjaa": "Käytä pohjana:",
    "kayta-pohjaa-info":
        "Mikäli koulukohtainen opetussuunnitelma laaditaan osana kunnan opetussuunnitelmaa valitse valikosta oman kuntasi pohja.",
    "kelvoton-pvm": "Kelvoton päivämäärä",
    "keskustelu": "Keskustelu",
    "kielisisaltoa-ei-loytynyt-opsin-kielilla":
        "Kaikkea kielisisältöä ei asetettu opetussuunnitelman vaatimilla kielillä",
    "tekstisisalto-puuttuu": "Tekstisisältö puuttuu",
    "oppiaineen-vuosiluokan-tavoite-vuosiluokka_1": "Oppiaineen tavoitteessa virheitä vuosiluokalla 1",
    "oppiaineen-vuosiluokan-tavoite-vuosiluokka_2": "Oppiaineen tavoitteessa virheitä vuosiluokalla 2",
    "oppiaineen-vuosiluokan-tavoite-vuosiluokka_3": "Oppiaineen tavoitteessa virheitä vuosiluokalla 3",
    "oppiaineen-vuosiluokan-tavoite-vuosiluokka_4": "Oppiaineen tavoitteessa virheitä vuosiluokalla 4",
    "oppiaineen-vuosiluokan-tavoite-vuosiluokka_5": "Oppiaineen tavoitteessa virheitä vuosiluokalla 5",
    "oppiaineen-vuosiluokan-tavoite-vuosiluokka_6": "Oppiaineen tavoitteessa virheitä vuosiluokalla 6",
    "oppiaineen-vuosiluokan-tavoite-vuosiluokka_7": "Oppiaineen tavoitteessa virheitä vuosiluokalla 7",
    "oppiaineen-vuosiluokan-tavoite-vuosiluokka_8": "Oppiaineen tavoitteessa virheitä vuosiluokalla 8",
    "oppiaineen-vuosiluokan-tavoite-vuosiluokka_9": "Oppiaineen tavoitteessa virheitä vuosiluokalla 9",
    "oppiaineen-vuosiluokan-sisaltoalueen-kuvaus-vuosiluokka_1":
        "Oppiaineen sisaltoalueen kuvauksessa virheitä vuosiluokalla 1",
    "oppiaineen-vuosiluokan-sisaltoalueen-kuvaus-vuosiluokka_2":
        "Oppiaineen sisaltoalueen kuvauksessa virheitä vuosiluokalla 2",
    "oppiaineen-vuosiluokan-sisaltoalueen-kuvaus-vuosiluokka_3":
        "Oppiaineen sisaltoalueen kuvauksessa virheitä vuosiluokalla 3",
    "oppiaineen-vuosiluokan-sisaltoalueen-kuvaus-vuosiluokka_4":
        "Oppiaineen sisaltoalueen kuvauksessa virheitä vuosiluokalla 4",
    "oppiaineen-vuosiluokan-sisaltoalueen-kuvaus-vuosiluokka_5":
        "Oppiaineen sisaltoalueen kuvauksessa virheitä vuosiluokalla 5",
    "oppiaineen-vuosiluokan-sisaltoalueen-kuvaus-vuosiluokka_6":
        "Oppiaineen sisaltoalueen kuvauksessa virheitä vuosiluokalla 6",
    "oppiaineen-vuosiluokan-sisaltoalueen-kuvaus-vuosiluokka_7":
        "Oppiaineen sisaltoalueen kuvauksessa virheitä vuosiluokalla 7",
    "oppiaineen-vuosiluokan-sisaltoalueen-kuvaus-vuosiluokka_8":
        "Oppiaineen sisaltoalueen kuvauksessa virheitä vuosiluokalla 8",
    "oppiaineen-vuosiluokan-sisaltoalueen-kuvaus-vuosiluokka_9":
        "Oppiaineen sisaltoalueen kuvauksessa virheitä vuosiluokalla 9",
    "osaamisen-kuvaus": "Osaamisen kuvaus",
    "osaamisen-kuvaus-arvosanalle_5": "Osaamisen kuvaus arvosanalle 5",
    "osaamisen-kuvaus-arvosanalle_6": "Osaamisen kuvaus arvosanalle 6",
    "osaamisen-kuvaus-arvosanalle_7": "Osaamisen kuvaus arvosanalle 7",
    "osaamisen-kuvaus-arvosanalle_8": "Osaamisen kuvaus arvosanalle 8",
    "osaamisen-kuvaus-arvosanalle_9": "Osaamisen kuvaus arvosanalle 9",
    "osaamisen-kuvaus-arvosanalle_10": "Osaamisen kuvaus arvosanalle 10",
    "tilanvaihtovirheet": "Tilanvaihtovirheet",
    "syy": "Syy",
    "kommentoi-muutosta": "Kommentoi muutosta",
    "kommentti-ei-saa-ylittaa": "Kommentti ei saa olla yli {{ maara }} merkkiä pitkä.",
    "kommentti-poistettu": "Kommentti poistettiin onnistuneesti",
    "kopioi-muokattavaksi": "Kopioi muokattavaksi",
    "kopion-luonti-onnistui": "Kopion luonti onnistui",
    "koulu": "Koulu",
    "koulut": "Koulut",
    "koulutustoimija": "Koulutustoimija",
    "koulutustyyppi": "Koulutustyyppi",
    "koulutustyyppi_15": "Esiopetus",
    "koulutustyyppi_16": "Perusopetus",
    "koulutustyyppi_17": "Aikuisten perusopetus",
    "koulutustyyppi_999907": "Taiteen perusopetus",
    "koulutustyyppi_6": "Lisäopetus",
    "koulutustyyppi_2": "Lukiokoulutus",
    "koulutustyyppi_23": "Valmistava lukiokoulutus",
    "koulutustyyppi_22": "Valmistava perusopetus",
    "koulutustyyppi_20": "Varhaiskasvatus",
    "koulutustyyppi_14": "Aikuisten lukiokoulutus",
    "kunnalla-ei-kouluja": "Valitulle kunnalle ei löytynyt kouluja.",
    "kunnat": "Kunnat",
    "seutukunnat": "Seutukunnat",
    "koulujoukko": "Koulujoukko",
    "kunta": "Kunta",
    "kuvaus": "Kuvaus",
    "laaja-alainen-osaaminen": "Laaja-alainen osaaminen",
    "laaja-alaiset-osaamiset": "Laaja-alaisen osaamisen alueet",
    "laajuus": "Laajuus",
    "laajuus-otsikko": "Laajuus",
    "lisaa": "Lisää",
    "lisaa-aliotsikko": "Lisää aliotsikko",
    "lisaa-kielitarjonta": "Lisää kielitarjontaa",
    "lisaa-kommentti": "Lisää kommentti",
    "lisaa-muu-uskonto": "Lisää uskonnon oppimäärä",
    "lisaa-nimi": "Lisää nimi",
    "lisaa-opetussuunnitelma": "Luo uusi opetussuunnitelma",
    "lisaa-oppiaine": "Lisää oppiaine",
    "lisaa-paikallinen-oppimaara-tai-tarjonnasta": "Lisää uusi",
    "lisaa-paikallinen-oppimaara": "Lisää uusi",
    "lisaa-paikallinen-oppiaine-tai-tarjonnasta": "Lisää uusi",
    "lisaa-tuntematon-tarjonnasta": "Lisää pohjasta",
    "lisaa-kieli-tarjonnasta": "Lisää kieli",
    "lisaa-uskonto-tarjonnasta": "Lisää uskonto",
    "lisaa-oppimaara-title": "Lisää oppimäärä",
    "lisaa-oppimaara-kieli": "Lisää kielitarjontaa",
    "lisaa-oppimaara-uskonto": "Lisää uskonto",
    "lisaa-oppimaara-aidinkieli": "Lisää äidinkieli",
    "lisaa-oppiaine-pohjasta": "Lisää oppiaine",
    "lisaa-muu-paikallinen-oppimaara": "Muu",
    "lisaa-muu-paikallinen-oppiaine": "Muu",
    "lisaa-paikallinen-oppiaine": "Lisää uusi",
    "lisaa-opsin-nimi": "Lisää opetussuunnitelman nimi",
    "lisaa-paatason-otsikko": "Lisää päätason otsikko",
    "lisaa-tavoite": "Lisää tavoite",
    "lukitus-kayttajalla": "Sivu on lukittu. Käyttäjä {{user}} muokkaa sivua.",
    "luo-kopio": "Luo kopio",
    "luo-opetussuunnitelma": "Luo opetussuunnitelma",
    "luo-oppiaine-nappi": "Tallenna",
    "luo-pohja": "Luo pohja",
    "luo-projekti": "Luo projekti",
    "luo-uusi-tekstikappale": "Luo uusi tekstikappale",
    "luo-uusi-valinnainen-aine": "Luo uusi valinnainen",
    "luonnos": "Luonnos",
    "luonti-vuosiluokka-valinta-info":
        "Vuosiluokat voi valita vain opetussuunnitelman luonnissa. Lorem ipsum dolor sit amet, consetetur sadipscing elitr, sed diam nonumy eirmod tempor invidunt ut labore et dolore magna aliquyam erat, sed diam voluptua.",
    "vahvista-vuosiluokkakokonaisuudet-muokkaus-otsikko": "Muokkaa OPS:n tietoja",
    "vahvista-vuosiluokkakokonaisuudet-muokkaus-teksti":
        "Tallenna muutokset? Vuosiluokkakokonaisuuden valinnan poisto hävittää sen sisällöt.",
    "luotu": "Luotu",
    "mandatory-odottamaton-virhe": "Kaikkia pakollisia kenttiä ei ole täytetty",
    "muokattavana": "Muokattavana",
    "muokattu-viimeksi": "Muokattu viimeksi",
    "muokkaa": "Muokkaa",
    "muokkaaja": "Muokkaaja",
    "muokkaa-oppiainetta": "Muokkaa oppiainetta",
    "muokkaa-otsikkoa": "Muokkaa otsikkoa",
    "muokkaa-rakennetta": "Muokkaa rakennetta",
    "muu-uskonto": "Muu uskonto",
    "muu_valinnainen": "Muu valinnainen aine",
    "nayta": "Näytä",
    "nayta-aliviestit": "Näytä vastaukset",
    "nayta-kaikki": "Näytä kaikki",
    "nayta-perusteen-teksti": "Näytä perusteen teksti",
    "nayta-vahemman": "Näytä vähemmän",
    "nimeton": "[Ei nimeä]",
    "nimi": "Nimi",
    "muuta-nimea": "Muuta nimeä",
    "odottamaton-virhe": "Tapahtui odottamaton virhe",
    "ohje": "Ohje",
    "ohjeistus": "Ohjeistus",
    "ok": "OK",
    "omat-opetussuunnitelmat": "Opetussuunnitelmasi",
    "opetus": "Opetus",
    "opetussuunnitelma": "Opetussuunnitelma",
    "opetussuunnitelmat": "Opetussuunnitelmat",
    "oppiaine-arviointi": "Arviointi",
    "oppiaine-lisattiin-vuosiluokkakokonaisuuksiin": " lisättiin kokonaisuuksiin ",
    "oppiaine-ohjaus": "Tukeen ja ohjaukseen liittyvät erityispiirteet",
    "oppiaine-tyotavat": "Oppimisympäristöihin ja työtapoihin liittyvät erityispiirteet",
    "oppiaine-vuosiluokat": "Vuosiluokat joilla esiintyy",
    "oppiaineella-ei-vuosiluokkasisaltoja": "Oppiaineelle ei ole määritetty vuosiluokkakohtaisia sisältöjä.",
    "oppiaineen-nimi-otsikko": "Valinnaisen nimi",
    "oppiaineittain": "Oppiaineittain",
    "oppimaaran-poisto-onnistui": "Oppimäärän poisto onnistui",
    "ops-tyokalu": "OPS-työkalu",
    "eperusteet-ops-tyokalu": "ePerusteet OPS-työkalu",
    "opsin-kaikkia-oppiaineita-ei-ole-vuosiluokkaistettu": "Kaikkia oppiaineita ei ole vielä vuosiluokkaistettu",
    "opsin-nimi": "Opetussuunnitelman nimi",
    "opsin-teksti": "Opetussuunnitelman teksti",
    "opsn-tiedot": "OPS:n tiedot",
    "organisaatio": "Organisaatio",
    "paatospaivamaara": "Hyväksymispäivämäärä",
    "pakollinen": "Pakollinen",
    "palauta": "Palauta",
    "peru-omat-muutokset": "Peru omat muutokset",
    "peru-rakenne": "Peruuta rakenteen muokkaus",
    "peruste": "Peruste",
    "perusteen-teksti": "Perusteen teksti",
    "perustiedot": "Perustiedot",
    "peruuta": "Peruuta",
    "pienet-tavoitteet": "Avaa/pienennä kaikki tavoitteet",
    "piilota": "Piilota",
    "piilotettu-tavoitteista": "Piilotettu tavoitteista",
    "piilota-sisaltoalue": "Piilota sisältöalue",
    "piilota-aliviestit": "Piilota vastaukset",
    "piilota-perusteen-teksti": "Piilota perusteen teksti",
    "pohja": "Pohja",
    "pohja-ops": "Pohja",
    "pohjan-tiedot": "Pohjan tiedot",
    "pohjat": "Pohjat",
    "poista": "Poista",
    "poista-oppiaine": "Poista oppiaine",
    "poista-tavoite": "Poista tavoite",
    "poista-tekstikappale-teksti": "Tekstikappale \"{{nimi}}\" poistetaan. Oletko varma?",
    "poistetaanko-kommentti": "Poistetaanko kommentti?",
    "poistettu": "Arkistoitu",
    "poisto-onnistui": "Poisto onnistui",
    "poistu-sivulta": "Poistu sivulta",
    "rajaa-tuloksia": "Rajaa...",
    "se": "saame",
    "siirtymavaiheet": "Siirtymävaiheet",
    "sisallon-kieli": "Sisällön kieli",
    "sisaltoalueet": "Sisältöalueet",
    "sivunavigointi-avaa-menu": "Avaa navigaatiopalkki",
    "sivunavigointi-sulje-menu": "Sulje navigaatiopalkki",
    "sulje": "Sulje",
    "sv": "ruotsi",
    "taide_taitoaine": "Taide- ja taitoaineiden valinnaiset tunnit",
    "takaisin-osioihin": "Takaisin osioihin",
    "takaisin-ylos": "Takaisin ylös",
    "tallenna": "Tallenna",
    "tallenna-rakenne": "Tallenna rakenne",
    "tallennettu-ok": "Tallennus onnistui",
    "tallennus-epaonnistui": "Tallennus epäonnistui",
    "tallentamattomia-muutoksia": "Sinulla on tallentamattomia muutoksia. Jos poistut sivulta muutokset menetetään.",
    "tavoite-otsikko": "Tavoite",
    "tavoite-sisalto": "Sisältö",
    "tavoitteet": "Tavoitteet",
    "tavoitteet-ja-sisallot": "Tavoitteet ja sisällöt",
    "tavoitteet-ja-sisallot-maarittelematta": "Tavoitteet ja sisällöt määrittelemättä",
    "tavoitteet-ja-sisallot-vuosiluokittain": "Tavoitteet ja sisällöt vuosiluokittain",
    "tavoitteiden-muokkauksen-ohjeteksti":
        "Pääset muokkaamaan tavoitteita ja sisältöjä vuosiluokittain luonnin jälkeenkin.",
    "tavoitteiden-vuosiluokkaistaminen": "Vuosiluokkaista tavoitteet",
    "tavoitteista-johdetut-oppimisen-tavoitteet": "Tavoitteista johdetut oppimisen tavoitteet",
    "sisaltoalueen-kuvaus": "Sisältöalueen kuvaus",
    "kayta-tavoitekohtaista-kuvausta": "Käytä tavoitekohtaista kuvausta",
    "sisaltoalueen-tavoitekohtainen-kuvaus": "Sisältöalueen tavoitekohtainen kuvaus",
    "tekstikappaleet": "Tekstikappaleet",
    "lisaa-tekstikappale": "Lisää tekstikappale",
    "tekstikentalla-ei-sisaltoa-kielella-fi": "FI",
    "tekstikentalla-ei-sisaltoa-kielella-fi-kuvaus": "Sisältö puuttuu suomeksi",
    "tekstikentalla-ei-sisaltoa-kielella-se": "SE",
    "tekstikentalla-ei-sisaltoa-kielella-se-kuvaus": "Sisältö puuttuu saameksi",
    "tekstikentalla-ei-sisaltoa-kielella-sv": "SV",
    "tekstikentalla-ei-sisaltoa-kielella-sv-kuvaus": "Sisältö puuttuu ruotsiksi",
    "tiedotteet": "Tiedotteet",
    "tila": "Tila",
    "tila-julkaistu": "Julkaistu",
    "tila-luonnos": "Luonnos",
    "tila-poistettu": "Arkistoitu",
    "tila-valmis": "Valmis",
    "tilakuvaus-julkaistu": "Kuvaus julkaistu-tilalle",
    "tilakuvaus-luonnos": "Kuvaus luonnos-tilalle",
    "tilakuvaus-poistettu": "Kuvaus poistettu-tilalle",
    "tilakuvaus-valmis": "Kuvaus valmis-tilalle",
    "toiminto": "Toiminto",
    "toistaiseksi-voimassa": "Toistaiseksi voimassa",
    "tuo-kaikki": "Tuo kaikki",
    "tyhja-pohja": "Käytä oletuspohjaa",
    "tyhja-pohja-info": "Käytä ePerusteet palvelun tarjoamaa pohjaa.",
    "tyhjenna": "Tyhjennä",
    "tyhjenna-rajaus-tooltip": "Tyhjennä rajaus (Esc)",
    "tyyppi": "Tyyppi",
    "ui-kieli": "Käyttöliittymäkieli",
    "uusi-oppiaine": "Uusi valinnainen",
    "uusi-ops": "Uusi opetussuunnitelma",
    "uusi-pohja": "Uusi pohja",
    "uusi-valinnainen-aine": "Valinnaisuus perusopetuksessa",
    "uutta-oppiainetta-ei-voi-luoda":
        "Uutta oppiainetta ei voi luoda, koska opetussuunnitelman pohjalla olevaa perustetta ei löytynyt.",
    "vahvista-liikkuminen": "Vahvista liikkuminen",
    "vahvista-poisto": "Vahvista poisto",
    "valinnaisen-nimi": "Valinnaisen nimi",
    "valinnaisen-tyyppi-info": "Valitse tyyppi",
    "valinnaisen-oppiaineen-tehtava": "Valinnaisen tehtävä",
    "valinnaiset-oppiaineet": "Valinnaisuus perusopetuksessa",
    "valitse": "Valitse",
    "valitse-koulut": "Valitse koulut",
    "valitse-koulutustoimijat": "Valitse koulutustoimija/koulutustoimijat",
    "valitse-kunnat": "Valitse kunta/kunnat",
    "valitse-peruste": "Valitse peruste",
    "valitse-pohja": "Valitse OPS...",
    "valitse-tyyppi": "Valitse tyyppi...",
    "valmis": "Valmis",
    "varmista-kopiointi": "Varmista kopiointi",
    "varmista-kopiointi-teksti":
        "Haluatko varmasti kopioida tämän oppiaineen muokattavaksi? Tämän jälkeen oppiaine ei ole enää yhteydessä opetussuunnitelman pohjaan, eivätkä sen tiedot päivity kuten ennen.",
    "ei-voi-perua": "Tätä toimintoa ei voida perua.",
    "varmista-poisto": "Varmista poisto",
    "varmista-palauttaminen": "Varmista palauttaminen",
    "varmista-piilottaminen": "Varmista piilottaminen",
    "oavlk-on-piilotettu":
        "Oppiaineen vuosiluokkakokonaisuus on piilotettu. Vuosiluokkakokonaisuutta ei näytetä julkisella puolella tai PDF-dokumenteissa.",
    "varmista-tavoitteet-tyhjennys": "Tyhjennetäänkö vuosiluokalle tuodut tavoitteet?",
    "varmista-tavoitteet-tyhjennys-otsikko": "Varmista tyhjennys",
    "vastaa": "Vastaa",
    "veda-tavoitteet-tahan": "Vedä tavoitteet ja sisällöt tähän",
    "vieras-kieli-a1": "Vieras kieli, A1-oppimäärä",
    "vieras-kieli-a2": "Vieras kieli, A2-oppimäärä",
    "vieras-kieli-b1": "Vieras kieli, B1-oppimäärä",
    "vieras-kieli-b2": "Vieras kieli, B2-oppimäärä",
    "viesti-poistettu": "Viesti poistettu",
    "voimassaolo-loppuu": "Voimassaolo loppuu",
    "vuosiluokat": "Vuosiluokat",
    "vuosiluokat-ja-oppiaineet": "Opetus eri vuosiluokilla",
    "vuosiluokat-ja-tavoitteet-otsikko": "Vuosiluokat ja tavoitteet",
    "vuosiluokittain": "Vuosiluokittain",
    "vuosiluokka": "Vuosiluokka",
    "vuosiluokka-paate": ". vuosiluokka",
    "vuosiluokka-paate-lyhyt": ". lk",
    "vuosiluokka_1": "1",
    "vuosiluokka_2": "2",
    "vuosiluokka_3": "3",
    "vuosiluokka_4": "4",
    "vuosiluokka_5": "5",
    "vuosiluokka_6": "6",
    "vuosiluokka_7": "7",
    "vuosiluokka_8": "8",
    "vuosiluokka_9": "9",
    "vuosiluokkaistaminen": "Vuosiluokkaista tavoitteet ja sisällöt",
    "vuosiluokkaistaminen-ohje":
        "<p>Vuosiluokkaista tavoitteet ja sisällöt vetämällä tavoitteet vuosiluokille.</p><p>Jos vuosiluokalle siirretty tavoite poistetaan vuosiluokalta, niin kyseiseen tavoitteeseen ja siihen liitettyyn sisältöalueeseen kirjoitettu sisältö voi hävitä.</p>",
    "vuosiluokkaistaminen-on-jo-tehty": "Vuosiluokkaistaminen on jo tehty",
    "vuosiluokkaistaminen-varoitus":
        "Vuosiluokkaistaminen voi kadottaa tavoitteiden ja sisältöalueiden paikallista sisältöä. Haluatko jatkaa?",
    "vuosiluokkaistamista-ei-viela-tehty": "Tavoitteita ei ole vielä vuosiluokkaistettu.",
    "vuosiluokkakokonaisuudet": "Vuosiluokkakokonaisuudet",
    "vuosiviikkotuntia": "vuosiviikkotuntia",
    "vvh": "vvh",
    "yhteystiedot": "Yhteystiedot",
    "yhteystiedot-placeholder": "Lisää yhteystiedot",
    "ylikirjoita-uusi-sisalto": "Jatka muokkaamista",
    "ylikirjoittaessasi-voit-palauttaa":
        "Jatkaessasi voit ylikirjoittaa toisten muutokset. Ne säilyvät edelleen muutoshistoriassa ja voit palauttaa ne sieltä",
    "hae-otsikoista": "Hae otsikoista",
    "termi": "Käsite",
    "dokumentti": "Dokumentti",
    "luo-uusi-dokumentti": "Luo uusi dokumentti",
    "lisaasetukset": "Lisäasetukset",
    "kansilehti": "Kansilehti",
    "ylatunniste": "Ylätunniste",
    "alatunniste": "Alatunniste",
    "lisaa-kuva": "Lisää kuva",
    "laheta": "Lähetä",
    "perusteetn-sisalto": "Perusteen sisältö",
    "muokkaa-termia": "Muokkaa käsitettä",
    "loydetty-termien-maara": "Opetussuunnitelmassa käytettyjen termien määrä:",
    "termi-plugin-select-placeholder": "Valitse käsite...",
    "termi-plugin-title": "Lisää viittaus tai muokkaa viittausta käsitteeseen",
    "termi-plugin-menu-muokkaa": "Muokkaa viittausta käsitteeseen",
    "termi-plugin-menu-poista": "Poista viittaus käsitteeseen",
    "termi-plugin-button-label": "Viittaus käsitteeseen",
    "termi-plugin-label": "Viittaus käsitteeseen",
    "termi-plugin-label-termi": "Käsite johon viitataan",
    "termi-plugin-label-teksti": "Teksti johon viittaus liitetään",
    "termi-plugin-virhe-viite-tyhja": "Valitse käsite johon viitataan.",
    "termi-plugin-virhe-teksti-tyhja": "Teksti johon viittaus liitetään ei voi olla tyhjä.",
    "termin-selitys": "Käsitteen selitys",
    "termin-selitys-placeholder": "Kirjoita käsitteen selitys",
    "termia-ei-loytynyt": "Viitattua käsitettä ei löytynyt",
    "lue-lisaa": "Näytä lisää...",
    "termi-plugin-lisaa-uusi": "Lisää uusi käsite",
    "termi-plugin-tallennettu": "Käsite tallennettu. Voit muokata sitä Käsitteet-näkymässä.",
    "tilastot": "Tilastot",
    "maarat-kielittain": "Kielittäin",
    "maarat-tiloittain": "Tiloittain",
    "maarat-kuntatasoittain": "Tasoittain",
    "maarat-koulutustyypeittain": "Koulutustyypeittäin",
    "kuntataso-0": "Koulut",
    "kuntataso-1": "Kunnat",
    "kuntataso-2": "Seutukunnat",
    "epimage-plugin-virhe-viite-tyhja": "Lisättävää kuvaa ei ole valittu.",
    "epimage-plugin-hylatty": "Voit ladata vain jpg- tai png-tyyppisiä kuvia.",
    "epimage-plugin-select-placeholder": "Valitse kuva...",
    "epimage-plugin-title": "Lisää kuva",
    "epimage-plugin-menu-muokkaa": "Muokkaa kuvaa",
    "epimage-plugin-menu-poista": "Poista kuva",
    "epimage-plugin-button-label": "Kuva",
    "epimage-plugin-label": "Kuva",
    "epimage-plugin-label-epimage": "Kuva",
    "epimage-plugin-kuvateksti": "Kuvateksti",
    "ei-kuvia": "Ei kuvia",
    "epimage-plugin-virhe-kuva-tyhja": "Valitse kuva.",
    "epimage-plugin-lisaa-uusi": "Lataa uusi kuva",
    "epimage-plugin-valitse": "Valitse tiedosto...",
    "epimage-plugin-tallennettu": "Kuva tallennettu.",
    "epimage-plugin-scale-invalid": "Leveys tai korkeus on viallinen.",
    "paivitys-onnistui": "Päivitys onnistui",
    "muokkaa-hierarkiaa": "Muokkaa hierarkiaa",
    "ops-alihierarkia-muokkaus": "Opetussuunnitelman hierarkian muokkaus",
    "opsilla-ei-aliopseja": "Opetussuunnitelman pohjalta ei ole tehty yhtään opetussuunnitelmaa.",
    "paivita-rakenne": "Päivitä rakenne",
    "paivita-rakenne-ohje":
        "Päivittää opetussuunnitelman rakenteen kaikkiin sen pohjalta tehtyihin opetussuunnitelmiin.",
    "yhteiset-osuudet": "Yhteiset osuudet",
    "yleiset-osuudet": "Yleiset osuudet",
    "nayta-opsina": "Näytä OPSina",
    "nayta-pohjana": "Näytä pohjana",
    "synkronoi-perusteeseen": "Synkronoi opetussuunnitelmiin",
    "ops-pohja": "Pohjan sisältö",
    "palauta-ylempaan": "Palauta ylempi oppiaine",
    "palauta-oppiaine": "Palauta oppiaine",
    "varmista-oppiaineen-palautus": "Haluatko varmasti palauttaa ylemmän oppiaineen?",
    "varmista-oppiaineen-palautus-teksti":
        "Ylemmän oppiaineen palauttaminen poistaa tekemäsi muutokset. Tätä toimintoa ei voida perua.",
    "palaaminen-vanhaan-onnistui": "Oppiaineen palauttaminen onnistui",
    "palauta-ylempi-oppiaine":
        "Poistaa nykyisen sisällön ja palauttaa tilalle ylemmässä opetussuunnitelmassa sijaitsevan oppiaineen.",
    "virhe": "Virhe",
    "virhe-sivua-ei-loytynyt": "Sivua ei löytynyt",
    "virhe-muu": "Tuntematon virhe",
    "virhe-tilan-vaihtamisessa": "Ohjelman tilasiirtymä epäonnistui",
    "virhe-edelliseen-nakymaan": "Edelliseen näkymään",
    "virhe-ylempaan-nakymaan": "Ylempään näkymään",
    "virhe-opetussuunnitelmaan": "Opetussuunnitelmaan",
    "virhe-nayta-lisatiedot": "Näytä virheen tekniset tiedot",
    "virhe-piilota-lisatiedot": "Piilota virheen tekniset tiedot",
    "lukio-tavoitteet-ja-sisallot": "Tavoitteet ja sisällöt",
    "lukio-aihekokonaisuudet": "Aihekokonaisuudet",
    "lukio-opetuksen-yleiset-tavoitteet": "Opetuksen yleiset tavoitteet",
    "aihekokonaisuudet-sisallon-rakenne": "Sisällön rakenne",
    "pohjan-tarkennus": "Pohjan tarkennus:",
    "paikallinen-tarkennus": "Paikallinen tarkennus:",
    "lukio-oppiaineet-oppimaarat": "Oppiaineet ja oppimäärät",
    "lukio-oppiaineet-oppimaarat-title": "Oppiaineet ja oppimäärät",
    "kurssi-tyyppi-selite-pakollinen": "Pakollinen",
    "kurssi-tyyppi-selite-syventava": "Syventävä",
    "kurssi-tyyppi-selite-soveltava": "Soveltava",
    "kurssi-tyyppi-selite-paikallinen": "Paikallinen",
    "kurssi-tyyppi-selite-valtakunnallinen": "Valtakunnallinen",
    "avaa-sulje-kaikki": "Avaa / sulje kaikki",
    "lukio-etsi-oppiaineista-ja-kursseista": "Etsi",
    "tuo-oppiaine-perusteesta": "Tuo perusteesta",
    "lukio-kurssipuu-muokkaa-rakennetta": "Muokkaa rakennetta",
    "lukio-liitamattomat-kurssit": "Liittämättömät kurssit",
    "lisaa-kurssi": "Lisää kurssi",
    "liita-kurssi-oppiaineeseen": "Liitä kurssi oppiaineeseen",
    "lukio-etsi-liittamattomista-kursseista": "Etsi liittämättömistä kursseista",
    "lukio-liitetyt-kurssit-ohje":
        "Voit lisätä saman kurssin toisen oppiaineen/oppimäärän toiminnon ’Muokkaa rakennetta’ kautta.",
    "lukio-liitetyt-kurssit": "Liitetyt kurssit",
    "lukio-etsi-liitetyista-kursseista": "Etsi liitetyistä kursseista",
    "lisaa-kurssi-title": "Lisää kurssi",
    "lisaa-oppiaine-title": "Lisää oppiaine",
    "oppaiaine-nimi-header": "Nimi",
    "kurssi-koodi-header": "Koodi",
    "kurssi-laajuus-header": "Laajuus",
    "kurssi-laajuus-kurssia": "kurssia",
    "kurssi-lokalisoitu-koodi-header": "Lokalisoitu koodi",
    "yksi-oppimaara": "Yksi oppimäärä",
    "useita-oppimaaria": "Useita oppimääriä",
    "oppimaarat": "Oppimäärät",
    "lukiokurssit": "Kurssit",
    "oppiaine-kurssit": "Kurssit",
    "tyhja-placeholder-kurssit": "Kursseja ei ole lisätty",
    "lisaa-kurssi-action": "Lisää kurssi",
    "kurssi-nimi-header": "Nimi",
    "kurssi-nimi-placeholder": "Kurssin nimi...",
    "kurssi-tyyppi-header": "Tyyppi",
    "kurssi-tyyppi-selite-valtakunnallinen_soveltava": "Soveltava",
    "kurssi-tyyppi-selite-valtakunnallinen_syventava": "Syventävä",
    "lukio-kurssi-tyyppi-otsikko-valtakunnallinen_pakollinen": "Pakollinen",
    "lukio-kurssi-tyyppi-otsikko-valtakunnallinen_soveltava": "Valtakunnallinen soveltava",
    "lukio-kurssi-tyyppi-otsikko-valtakunnallinen_syventava": "Valtakunnallinen syventävä",
    "lukio-kurssi-tyyppi-otsikko-paikallinen_soveltava": "Paikallinen soveltava",
    "lukio-kurssi-tyyppi-otsikko-paikallinen_syventava": "Paikallinen syventävä",
    "lukio-kurssi-tyyppi-placeholder-valtakunnallinen_pakollinen":
        "Oppiaineen pakollisten kurssien kuvauksen paikallinen tarkenne...",
    "lukio-kurssi-tyyppi-placeholder-valtakunnallinen_soveltava":
        "Oppiaineen valtakunnallisten soveltavien kurssien kuvauksen paikallinen tarkenne...",
    "lukio-kurssi-tyyppi-placeholder-valtakunnallinen_syventava":
        "Oppiaineen valtakunnallisten syventävien kurssien kuvauksen paikallinen tarkenne...",
    "lukio-kurssi-tyyppi-placeholder-paikallinen_soveltava": "Oppiaineen paikallisten soveltavien kurssien kuvaus...",
    "lukio-kurssi-tyyppi-placeholder-paikallinen_syventava": "Oppiaineen paikallisten syventävien kurssien kuvaus...",
    "kurssi-sisallot-header": "Sisällöt",
    "kurssi-tavoitteet-header": "Tavoitteet",
    "kurssi-kuvaus-header": "Kuvaus",
    "kurssi-kuvaus-placeholder": "Kurssin yleiskuvauksen paikallinen tarkenne...",
    "kurssi-action": "luo kurssi",
    "kurssi-peruuta": "Peruuta",
    "kurssi-title": "Kurssi",
    "kurssi-koodi": "Koodistokoodi",
    "kurssi-lokalisoitu-koodi": "Koodi",
    "kurssi-lokalisoitu-koodi-placeholder": "Kurssikoodi...",
    "kurssi-osa-tavoitteet": "Tavoitteet",
    "kurssi-osa-keskeinenSisalto": "Keskeiset sisällöt",
    "kurssi-osa-tavoitteetJaKeskeinenSisalto": "Tavoitteet ja keskeiset sisällöt",
    "kurssi-osa-tavoitteet-placeholder": "Kurssin tavoitteiden paikallinen tarkennus...",
    "kurssi-osa-keskeinenSisalto-placeholder": "Kurssin keskeisten sisältöjen paikallinen tarkennus...",
    "kurssi-osa-tavoitteetJaKeskeinenSisalto-placeholder":
        "Kurssin tavoitteiden ja keskeisten sisältöjen yhdistetty paikallinen tarkennus...",
    "muokkaa-kurssia": "Muokkaa kurssia",
    "kurssi-tyyppi": "Tyyppi",
    "kurssi-tyypin-kuvaus": "Kuvaus",
    "lukiooppiaineet-puu-tab-header": "Opetussuunnitelma",
    "lukiooppiaineet-oppiaineet-tab-header": "Oppiaineet",
    "lukiooppiaineet-kurssit-tab-header": "Kurssit",
    "poistetaanko-kurssi": "Haluatko varmasti poistaa kurssin?",
    "hae-koodistosta": "Hae koodistosta",
    "haetaan-koodistosta": "Haetaan koodistosta...",
    "oppiaine-koodi-header": "Koodi",
    "muokkaus-lisaa-osio": "Lisää osio",
    "muokkaus-lisaa-kurssi-tyyppi-kuvaus": "Lisää",
    "oppiaine-osa-tehtava": "Oppiaineen tehtävä",
    "oppiaine-osa-tavoitteet": "Opetuksen tavoitteet",
    "oppiaine-osa-arviointi": "Arviointi",
    "oppiaine-osa-tehtava-placeholder": "Oppiaineen tehtävän paikallinen tarkennus...",
    "oppiaine-osa-tavoitteet-placeholder": "Opetuksen tavoitteiden paikallinen tarkennus...",
    "oppiaine-osa-arviointi-placeholder": "Arvioinnin paikallinen tarkennus...",
    "oppaiaine-nimi-placeholder": "",
    "opetus-eri-vuosiluokilla": "Opetus eri vuosiluokilla",
    "palauta-yhteys": "Palauta yhteys",
    "tuo-perusteesta": "Tuo perusteesta",
    "ei-yhdistetty-pohjaan": "Ei yhdistetty pohjaan",
    "yhdistetty-pohjaan": "Yhdistetty pohjaan",
    "katkaise-yhteys": "Katkaise yhteys",
    "nayta-kurssityyppi-kuvaukset": "Näytä kurssityyppien kuvaukset",
    "piilota-kurssityyppi-kuvaukset": "Piilota kurssityyppien kuvaukset",
    "valtakunnalliset-kurssityypit": "Valtakunnalliset kurssityypit",
    "pakollinen-kurssi": "Pakollinen kurssi",
    "syventava-kurssi": "Syventävä kurssi",
    "soveltava-kurssi": "Soveltava kurssi",
    "paikalliset-kurssityypit": "Paikalliset kurssityypit",
    "varmista-katkaise-yhteys": "Haluatko varmasti katkaista yhteyden ylemmän tason opetussuunnitelmaan?",
    "lukio-kurssi-tyyppi-kuvaukset-header": "Kurssityyppien kuvaukset",
    "lukio-kurssi-osat-header": "Osiot",
    "oppiaine-ei-osia": "Ei osia.",
    "oppiaine-ei-kurssi-tyyppi-kuvauksia": "Ei kurssityyppien kuvauksia.",
    "yhteyden-palautus-onnistui": "Yhteyden palauttaminen onnistui.",
    "varmista-palauta-yhteys": "Haluatko varmasti palauttaa yhteyden?",
    "yhteyden-katkaisu-onnistui": "Yhteyden katkaiseminen onnistui",
    "lukio-puun-muokkaus-ei-saa-olla-liittamattomia-kursseja": "Liitä liittämättömät kurssit ennen tallennusta.",
    "lukio-puun-muokkaus-onnistui": "Lukio-oppiaineiden ja kurssien rakenteen muokkaus onnistui.",
    "takaisin-oppimaaraan": "Takaisin oppimäärään",
    "takaisin-oppiaineeseen": "Takaisin oppiaineeseen",
    "kurssi-kuvaus": "Kurssin kuvaus",
    "muokattu": "Muokattu",
    "kurssikoodi": "Kurssikoodi",
    "kurssityyppi": "Kurssityyppi",
    "lisaa-oppimaara": "Lisää oppimäärä",
    "kieli-koodi": "Kielikoodi",
    "oppiaine-nimi": "Oppiaineen nimi",
    "lisaa-tarjonnasta-oppiaine-nimi": "Oppimäärän nimi",
    "lukio-kielivalinta-kieli-nimi": "Kieli",
    "kurssi-on-jo-kyseisen-oppimaaran-alla": "Kurssi on jo liitetty kyseiseen oppimäärään/oppiaineeseen.",
    "kurssin-voi-liittaa-vain-oppiaineeseen-tai-oppimaaraan":
        "Kurssin voi liittää ainoastaan oppimäärään tai oppiaineeseen.",
    "kurssin-voi-liittaa-vain-ei-koosteiseen-oppiaineeseen":
        "Kurssin voi liittää ainoastaan yhden oppimäärän oppiaineeseen tai oppimäärään.",
    "oppimaaraa-ei-voi-siirtaa-oppiaineeksi": "Oppimäärää ei voi siirtää oppiaineeksi.",
    "oppimaaraa-ei-voi-siirtaa-toisen-oppimaaran-alle": "Oppimäärää ei voi siirtää toiseen oppiaineeseen.",
    "muokkaa-oppimaara-title": "Muokkaa oppimäärää",
    "muokkaa-oppiaine-title": "Muokkaa oppiainetta",
    "oppiaineen-poisto-onnistui": "Oppiaineen poisto onnistui",
    "kurssin-poisto-onnistui": "Kurssin poisto onnistui",
    "varmista-poista-oppimaara": "Haluatko varmasti poistaa oppimäärän?",
    "varmista-poista-oppiaine": "Haluatko varmasti poistaa oppiaineen?",
    "varmista-poista-kurssi": "Haluatko varmasti poistaa kurssin?",
    "kieli-jo-toteutettu-oppimaaralle": "Kieli on jo lisätty oppiaineelle valitulla oppimäärällä.",
    "lukio-aihekokonaisuudet-muokkaa-rakennetta": "Muokkaa rakennetta",
    "lisaa-aihekokonaisuus": "Lisää uusi",
    "aihekokonaisuus-otsikko-header": "Otsikko",
    "aihekokonaisuus-otsikko-placeholder": "Aihekokonaisuuden otsikon paikallinen tarkenne...",
    "aihekokonaisuus-yleiskuvaus-header": "Yleiskuvaus",
    "aihekokonaisuus-yleiskuvaus-placeholder": "Aihekokonaisuuden yleiskuvauksen paikallinen tarkenne...",
    "aihekokonaisuudet-yleiskuvaus-header": "Yleiskuvaus",
    "aihekokonaisuudet-yleiskuvaus-placeholder": "Aihekokonaisuuksien yleiskuvauksen paikallinen tarkenne...",
    "lisaa-aihekokonaisuus-header": "Lisää aihekokonaisuus",
    "aihekokonaisuuksien-jarjestaminen-onnistui": "Aihekokonaisuuksien rakenteen muokkaus onnistui.",
    "aihekokonaisuuden-tallentaminen-onnistui": "Aihekokonaisuus tallennettu onnistuneesti.",
    "aihekokonaisuuksien-yleiskuvauksen-paivitys-onnistui": "Aihekokonaisuuksien päivitys onnistui.",
    "varmista-poista-aihekokonaisuus": "Haluatko varmasti poistaa aihekokonaisuuden?",
    "aihekokonaisuuden-poisto-onnistui": "Aihekokonaisuuden poisto onnistui.",
    "varmista-katkaise-kurssi-yhteys": "Haluatko varmasti katkaista yhteyden ylempään tasoon?",
    "varmista-palauta-kurssi": "Haluatko varmasti palauttaa yhteyden ylemmän tason kurssiin?",
    "poista-kurssi": "Poista kurssi",
    "lukio-ei-oppiaineita": "Oppiaineet puuttuvat",
    "lukio-ei-aihekokonaisuuksia": "Aihekokonaisuudet puuttuvat",
    "lukio-oppiaineessa-ei-kursseja": "Oppiaineessa ei ole kursseja",
    "lukio-oppiaineessa-ei-oppimaaria": "Oppiaineessa ei ole oppimääriä tai kursseja",
    "lukio-kurssi-tavoitteet-keskeinensisalto-puuttuvat": "Kurssin tavoitteet tai keskeinen sisaltoalue puuttuu",
    "luo-pdf-dokumentti": "Luo PDF dokumentti",
    "luo-pdf": "Luo PDF",
    "luo-pdf-dokumentti-opetussuunnitelmasta": "Luo PDF-dokumentti opetussuunnitelmasta",
    "valitse-kieli": "Valitse kieli",
    "dokumentin-tila": "PDF-dokumentin tila",
    "dokumentin-luonti-epaonnistui": "Dokumentin luonti epäonnistui",
    "epaonnistui": "Epäonnistui",
    "luodaan": "Luodaan",
    "jonossa": "Luonti on jonossa",
    "alaviite": "Alaviite",
    "alaviite-ohje": "Jos käsite on merkattu alaviitteeksi, se näytetään myös generoiduissa dokumenteissa.",
    "lataa-ops-pdf-muodossa": "Lataa opetussuunnitelma PDF-muodossa",
    "dokumentti-luotu": "Dokumentti luotu",
    "ei_ole": "Ei ole",
    "opetuksen-yleisten-tavoitteiden-yleiskuvauksen-paivitys-onnistui":
        "Opetuksen yleisten tavoitteiden muokkaus onnistui",
    "opetuksen-yleiset-tavoitteet-yleiskuvaus-header": "Yleiskuvaus",
    "opetuksen-yleiset-tavoitteet-yleiskuvaus-placeholder": "Opetuksen yleisten tavoitteiden paikallinen tarkennus",
    "nayta-versiohistoria": "Historia",
    "katso-uusin-versio": "Katso uusin versio",
    "katselet-vanhaa-versiota": "Tarkastelet vanhaa versiota sivusta.",
    "ota-versio-kayttoon": "Ota tämä versio käyttöön.",
    "versio": "Versio",
    "opsn-poistetut": "Poistetut",
    "ei-poistettua-sisaltoa": "Poistettua sisältöä ei ole.",
    "tekstikappale-poistetut": "Poistetut",
    "poistettu-otsikko": "Otsikko",
    "poistettu-poistaja": "Poistaja",
    "poistettu-poistettu": "Poistettu",
    "poistettu-toiminnot": "Toiminnot",
    "poistettu-tyyppi": "Tyyppi",
    "poistettu-tyyppi-oppiaine": "Oppiaine",
    "poistettu-tyyppi-teksti": "Tekstikappale",
    "haku-nimi": "Haku",
    "validointi": "Validointi",
    "tarkista-ops": "Validoi opetussuunnitelma",
    "validointi-ei-virheita": "Opetussuunnitelma kunnossa",
    "validointi-virheet": "Julkaisun estävät ongelmat",
    "validointi-varoitukset": "Varoitukset",
    "validointi-huomiot": "Muut huomiot",
    "palauta-oppiaineena": "Palauta oppiaineena",
    "palauta-oppimaarana": "Palauta oppimääränä",
    "palautus-epaonnistui": "Palauttaminen epäonnistui",
    "oppilaitos": "Oppilaitos",
    "organisaatioryhma": "Koulut / Ryhmät",
    "ryhma": "Ryhmä",
    "valitse-ryhmat": "Valitse ryhmät",
    "lisaa-koulu": "Lisää oppilaitos",
    "oppiaine-palautus-varmistus": "Palautetaanko oppiaine?"
}
