{
    "VUOSILUOKAT 1-2_erityispiirteet_ja_tehtavat_info":
        "Vilka är särdragen och uppdragen i årskurshelheterna 1-2 (beskrivningarna i grunderna kan användas som sådana) samt de lokala betoningarna gällande dem och hur förverkligar man och följer upp uppdraget?",
    "VUOSILUOKAT 1-2_laaja-alaisen_osaamisen_alueet_info":
        "Vilka är målen för mångsidig kompetens i årskurserna 1-2 (målbeskrivningarna i grunderna kan användas som sådana) samt deras eventuella lokala betoningar och hur stöds utvecklingen av elevernas mångsidiga kompetens i årskurserna 1-2?",
    "VUOSILUOKAT 1-2_siirtyma_aikaisempi_nykyinen_info":
        "Hur stödjer man eleverna vid övergången från förskoleundervisningen till den grundläggande utbildningen? Praxis vid övergången. Samarbete, arbetsfördelning och ansvar.",
    "VUOSILUOKAT 1-2_siirtymä_nykyinen_seuraava_info":
        "Hur stödjer man eleverna vid övergången från årskurs 2 till årskurs 3? Praxis vid övergången. Samarbete, arbetsfördelning och ansvar.",
    "VUOSILUOKAT 3-6_erityispiirteet_ja_tehtavat_info":
        "Vilka är särdragen och uppdragen i årskurserna 3-6 (beskrivningarna i grunderna kan användas som sådana) samt de lokala betoningarna gällande dem och hur förverkligar man och följer upp uppdraget",
    "VUOSILUOKAT 3-6_laaja-alaisen_osaamisen_alueet_info":
        "Vilka är målen för mångsidig kompetens i årskurserna 3-6 (målbeskrivningarna i grunderna kan användas som sådana) samt deras eventuella lokala betoningar och hur stöds utvecklingen av elevernas mångsidiga kompetens i årskurserna 3-6",
    "VUOSILUOKAT 3-6_siirtyma_aikaisempi_nykyinen_info":
        "Hur stödjer man eleverna vid övergången från årskurs 2 till årskurs 3? Praxis vid övergångarna. Samarbete, arbetsfördelning och ansvar.\n",
    "VUOSILUOKAT 3-6_siirtymä_nykyinen_seuraava_info":
        "Hur stödjer man eleverna vid övergången från årskurs 6 till årskurs 7? Praxis vid övergångarna. Samarbete, arbetsfördelning och ansvar.\n",
    "VUOSILUOKAT 7-9_erityispiirteet_ja_tehtavat_info":
        "Vilka är särdragen och uppdragen i årskurserna 7-9 (beskrivningarna i grunderna kan användas som sådana) samt de lokala betoningar gällande dem och hur förverkligar man och följer upp uppdraget",
    "VUOSILUOKAT 7-9_laaja-alaisen_osaamisen_alueet_info":
        "Vilka är målen för mångsidig kompetens i årskurserna 7-9 (målbeskrivningarna i grunderna kan användas som sådana) samt deras eventuella lokala betoningar och hur stöds utvecklingen av elevernas mångsidiga kompetens i årskurserna 7-9",
    "VUOSILUOKAT 7-9_siirtyma_aikaisempi_nykyinen_info":
        "Hur stödjer man eleverna vid övergången från årskurs 6 till årskurs 7? Praxis vid övergångarna. Samarbete, arbetsfördelning och ansvar.\n",
    "VUOSILUOKAT 7-9_siirtymä_nykyinen_seuraava_info":
        "Hur stödjer man eleverna vid övergången från årskurs 9 till följande utbildningsstadium? Praxis vid övergångarna. Samarbete, arbetsfördelning och ansvar.\n",
    "aloita-uusi-ops": "Påbörja ny läroplan",
    "aloita-uusi-pohja": "Påbörja ny botten",
    "anna-hyvaksymispvm": "[Anna hyväksymispäivämäärä]",
    "anna-paatospaivamaara": "[Anna hyväksymispäivämäärä]",
    "aloita-vuosiluokkaistaminen": "Börja med att välja 'Fördela målen enligt årskurs'.",
    "arvioinnin-kohde": "Föremål för bedömning",
    "arviointi-vuosiluokan-paatteeksi": "Bedömningskriterier i slutet av årskurshelheten",
    "arvion-hyva-osaaminen": "Kunskapskrav för goda kunskaper/vitsordet åtta",
    "arvion-kuvaus": "[Arvion kuvaus]",
    "arvosana": "Vitsord",
    "arvosana-numero": "siffra",
    "arvosana-sanallinen": "verbal",
    "aseta-opsin-tila": "Ange status för läroplanen",
    "aseta-pohjan-tila": "Ange status för bottnen",
    "diaarinumero": "Diarienummer",
    "editoimasi-sisalto-on-muuttunut": "Det innehåll som du redigerat har ändrats",
    "ei-maaritetty": "Tom",
    "ei-opetussuunnitelmia": "Inga läroplaner",
    "ei-perustetta-info":
        "[Opetussuunnitelman pohjalla olevaa perustetta ei löytynyt. Näkyvillä ovat vain paikallisesti määritetyt sisällöt.]",
    "ei-pohjaa-koulutustyypille": "[Koulutustyypille ei löydy valmista pohjaa järjestelmästä.]",
    "ei-paikallista-sisaltoa": "Lokalt läroplansinnehåll har inte fastställts",
    "ei-pohjia": "Det finns inga bottnar",
    "ei-tekstikappaleita": "Inga textstycken",
    "ei-valinnaisia-aineita": "Valfria ämnen har inte skapats.",
    "esikatselu": "Förhandsgranskning",
    "esikatseltavissa": "[Esikatseltavissa]",
    "ei-esikatseltavissa": "[Ei esikatseltavissa]",
    "etusivu": "Startsida",
    "fi": "finska",
    "hallinta": "Administrering",
    "haluatko-jatkaa": "Vill du fortsätta?",
    "huom": "Obs!",
    "hyvaksymispvm-label": "[Hyväksymispäivämäärä]",
    "jarjestelmavirhe-teksti":
        "Ett systemfel inträffade {{felkod}}. Vänligen försök på nytt. Om problemet upprepas, kontakta tjänstens administratör.",
    "jatka": "Fortsätt",
    "joku-toinen-on-muokannut-dokumenttia":
        "Någon annan har redigerat dokumentet. Du kan antingen ångra dina ändringar eller fortsätta redigera dokumentet och skriva över de ändringar som någon annan har gjort.",
    "julkaistu": "Publicerad",
    "julkaisukielet": "Publiceras på följande språk",
    "kaikki": "Alla",
    "kaikki-vuosiluokkaistettu": "Alla mål har fördelats enligt årskurs",
    "kaikkia-ei-vuosiluokkaistettu": "Alla mål har inte fördelats enligt årskurs",
    "kappaleen-otsikko": "Rubrik",
    "kayta-pohjaa": "Använd som botten:",
    "kayta-pohjaa-info":
        "Om den skolspecifika läroplanen görs upp som en del av kommunens läroplan, välj då din kommuns botten i menyn. ",
    "kelvoton-pvm": "Ogiltigt datum",
    "keskustelu": "Diskussion",
    "kielisisaltoa-ei-loytynyt-opsin-kielilla":
        "[Kaikkea kielisisältöä ei asetettu opetussuunnitelman vaatimilla kielillä]",
    "kommentoi-muutosta": "Kommentera ändringen",
    "kommentti-ei-saa-ylittaa": "Kommentaren får inte vara längre än {{ antal }} tecken.",
    "kommentti-poistettu": "Kommentaren raderades",
    "kopioi-muokattavaksi": "Kopiera för redigering",
    "kopion-luonti-onnistui": "En kopia skapades",
    "koulu": "Skola",
    "koulut": "Skolor",
    "koulutustoimija": "Utbildningsaktör",
    "koulutustyyppi": "Utbildningstyp",
    "koulutustyyppi_15": "Förskoleundervisning",
    "koulutustyyppi_16": "Grundläggande utbildning",
    "koulutustyyppi_20": "Småbarnsfostran",
    "koulutustyyppi_6": "Påbyggnadsundervisning",
    "koulutustyyppi_2": "Gymnasieutbildning",
    "kunnalla-ei-kouluja": "Inga skolor hittades i den valda kommunen.",
    "kunnat": "Kommuner",
    "kunta": "Kommun",
    "kuvaus": "Beskrivning",
    "laaja-alainen-osaaminen": "Mångsidig kompetens",
    "laaja-alaiset-osaamiset": "Mångsidiga kompetensområden",
    "laajuus": "Omfattning",
    "laajuus-otsikko": "Omfattning",
    "lisaa": "Lägg till",
    "lisaa-aliotsikko": "Lägg till underrubrik",
    "lisaa-kielitarjonta": "Lägg till språkutbud",
    "lisaa-kommentti": "Lägg till kommentar",
    "lisaa-muu-uskonto": "Lägg till religion",
    "lisaa-opetussuunnitelma": "Skapa ny läroplan",
    "lisaa-oppiaine": "Lägg till läroämne",
    "lisaa-oppimaara-kieli": "Lägg till språkutbud",
    "lisaa-oppimaara-uskonto": "Lägg till religion",
    "lisaa-opsin-nimi": "Lägg till läroplanens namn",
    "lisaa-paatason-otsikko": "Lägg till rubrik på huvudnivå",
    "lisaa-tavoite": "Lägg till mål",
    "lukitus-kayttajalla": "Sidan är låst. Användaren {{user}} redigerar sidan.",
    "luo-kopio": "Skapa kopia",
    "luo-opetussuunnitelma": "Skapa läroplan",
    "luo-oppiaine-nappi": "Spara",
    "luo-pohja": "Skapa en botten",
    "luo-projekti": "Skapa ett projekt",
    "luo-uusi-tekstikappale": "Skapa nytt textstycke",
    "luo-uusi-valinnainen-aine": "Skapa nytt valfritt ämne",
    "luonnos": "Utkast",
    "luonti-vuosiluokka-valinta-info":
        "Årskurser kan väljas endast i samband med att läroplanen skapas. Lorem ipsum dolor sit amet, consetetur sadipscing elitr, sed diam nonumy eirmod tempor invidunt ut labore et dolore magna aliquyam erat, sed diam voluptua.",
    "luotu": "Skapad",
    "mandatory-odottamaton-virhe": "Du har inte fyllt i alla obligatoriska fält",
    "muokattavana": "Håller på att redigeras",
    "muokattu-viimeksi": "Redigerad senast",
    "muokkaa": "Redigera",
    "muokkaa-oppiainetta": "Redigera läroämne",
    "muokkaa-otsikkoa": "Redigera rubrik",
    "muokkaa-rakennetta": "Redigera uppbyggnad",
    "muu-uskonto": "[Muu uskonto]",
    "muu_valinnainen": "Annat valfritt ämne",
    "nayta": "Visa",
    "nayta-aliviestit": "Visa svar",
    "nayta-kaikki": "Visa alla",
    "nayta-perusteen-teksti": "Visa grundernas text",
    "nayta-vahemman": "[Näytä vähemmän]",
    "nimeton": "[Inget namn]",
    "nimi": "Namn",
    "muuta-nimea": "Förändra namn",
    "odottamaton-virhe": "Ett oväntat fel inträffade",
    "ohje": "Anvisning",
    "ohjeistus": "Anvisning",
    "ok": "OK",
    "omat-opetussuunnitelmat": "Din läroplan",
    "opetus": "[Opetus]",
    "opetussuunnitelma": "Läroplan",
    "opetussuunnitelmat": "Läroplaner",
    "oppiaine-arviointi": "Bedömning",
    "oppiaine-lisattiin-vuosiluokkakokonaisuuksiin": "[ lisättiin kokonaisuuksiin ]",
    "oppiaine-ohjaus": "Särdrag i fråga om stöd och handledning",
    "oppiaine-tyotavat": "Särdrag i fråga om lärmiljöer och arbetssätt",
    "oppiaine-vuosiluokat": "Förekommer i följande årskurser",
    "oppiaineella-ei-vuosiluokkasisaltoja": "[Oppiaineelle ei ole määritetty vuosiluokkakohtaisia sisältöjä.]",
    "oppiaineen-nimi-otsikko": "[Valinnaisen nimi]",
    "oppiaineittain": "[Oppiaineittain]",
    "oppimaaran-poisto-onnistui": "Lärokursen raderades",
    "ops-tyokalu": "LP-verktyg",
    "opsin-kaikkia-oppiaineita-ei-ole-vuosiluokkaistettu": "[Kaikkia oppiaineita ei ole vielä vuosiluokkaistettu]",
    "opsin-nimi": "Läroplanens namn",
    "opsin-teksti": "Läroplanens text",
    "opsn-tiedot": "Läroplanens uppgifter",
    "organisaatio": "Organisation",
    "osaamisen-kuvaus": "[Osaamisen kuvaus]",
    "osaamisen-kuvaus-arvosanalle_5": "[Osaamisen kuvaus arvosanalle 5]",
    "osaamisen-kuvaus-arvosanalle_6": "[Osaamisen kuvaus arvosanalle 6]",
    "osaamisen-kuvaus-arvosanalle_7": "[Osaamisen kuvaus arvosanalle 7]",
    "osaamisen-kuvaus-arvosanalle_8": "[Osaamisen kuvaus arvosanalle 8]",
    "osaamisen-kuvaus-arvosanalle_9": "[Osaamisen kuvaus arvosanalle 9]",
    "osaamisen-kuvaus-arvosanalle_10": "[Osaamisen kuvaus arvosanalle 10]",
    "paatospaivamaara": "[Hyväksymispäivämäärä]",
    "pakollinen": "Obligatorisk",
    "palauta": "Återställ",
    "peru-omat-muutokset": "Ångra egna ändringar",
    "peru-rakenne": "Ångra redigering av uppbyggnaden",
    "peruste": "Grunder",
    "perusteen-teksti": "Grundernas text",
    "perustiedot": "Basuppgifter",
    "peruuta": "Ångra",
    "pienet-tavoitteet": "Öppna/förminska alla mål",
    "piilota": "Dölj",
    "piilota-aliviestit": "Dölj svaren",
    "piilota-perusteen-teksti": "Dölj grundernas text",
    "pohja": "Botten",
    "pohja-ops": "Botten",
    "pohjan-tiedot": "Uppgifter om bottnen",
    "pohjat": "Bottnar",
    "poista": "Radera",
    "poista-oppiaine": "Radera läroämne",
    "poista-tavoite": "Radera mål",
    "poista-tekstikappale-teksti": "Textstycket \"{{namn}}\" raderas. Är du säker?",
    "poistetaanko-kommentti": "Ska kommentaren raderas?",
    "poistettu": "Arkiverad",
    "poisto-onnistui": "Raderingen lyckades",
    "poistu-sivulta": "Lämna sidan",
    "rajaa-tuloksia": "Avgränsa...",
    "se": "samiska",
    "siirtymavaiheet": "Övergångsskeden",
    "sisallon-kieli": "Innehållets språk",
    "sisaltoalueet": "Innehållsområden",
    "sivunavigointi-avaa-menu": "Öppna navigeringspanelen",
    "sivunavigointi-sulje-menu": "Stäng navigeringspanelen",
    "sulje": "Stäng",
    "sv": "svenska",
    "taide_taitoaine": "Valfria timmar i konst- och färdighetsämnen",
    "takaisin-osioihin": "Tillbaka till delarna",
    "takaisin-ylos": "Tillbaka upp",
    "tallenna": "Spara",
    "tallenna-rakenne": "Spara uppbyggnaden",
    "tallennettu-ok": "Sparandet lyckades",
    "tallentamattomia-muutoksia":
        "Du har ändringar som inte har sparats. Om du går bort från sidan förlorar du ändringarna.",
    "tavoite-otsikko": "Mål",
    "tavoite-sisalto": "Innehåll",
    "tavoitteet": "Mål",
    "tavoitteet-ja-sisallot": "Mål och innehåll ",
    "tavoitteet-ja-sisallot-maarittelematta": "Mål och innehåll har inte fastställts",
    "tavoitteet-ja-sisallot-vuosiluokittain": "Mål och innehåll enligt årskurs",
    "tavoitteiden-muokkauksen-ohjeteksti": "Du kan redigera mål och innehåll enligt årskurs även efter skapandet.",
    "tavoitteiden-vuosiluokkaistaminen": "Fördela målen enligt årskurs",
    "tavoitteista-johdetut-oppimisen-tavoitteet": "[Tavoitteista johdetut oppimisen tavoitteet]",
    "tekstikappaleet": "Textstycken",
    "tekstikentalla-ei-sisaltoa-kielella-fi": "FI",
    "tekstikentalla-ei-sisaltoa-kielella-fi-kuvaus": "[Sisältö puuttuu suomeksi]",
    "tekstikentalla-ei-sisaltoa-kielella-se": "SE",
    "tekstikentalla-ei-sisaltoa-kielella-se-kuvaus": "[Sisältö puuttuu saameksi]",
    "tekstikentalla-ei-sisaltoa-kielella-sv": "SV",
    "tekstikentalla-ei-sisaltoa-kielella-sv-kuvaus": "[Sisältö puuttuu ruotsiksi]",
    "tiedotteet": "Meddelanden",
    "tila": "Status",
    "tila-julkaistu": "Publicerad",
    "tila-luonnos": "Utkast",
    "tila-poistettu": "Arkiverad",
    "tila-valmis": "Färdig",
    "tilakuvaus-julkaistu": "Beskrivning till status Publicerad",
    "tilakuvaus-luonnos": "Beskrivning till status Utkast",
    "tilakuvaus-poistettu": "Beskrivning till status Raderad",
    "tilakuvaus-valmis": "Beskrivning till status Färdig",
    "toiminto": "Funktion",
    "toistaiseksi-voimassa": "Gäller tills vidare",
    "tuo-kaikki": "Hämta alla",
    "tyhja-pohja": "Använd standardbotten",
    "tyhja-pohja-info": "Använd bottnen som tjänsten eGrunder erbjuder.",
    "tyhjenna": "Töm",
    "tyhjenna-rajaus-tooltip": "Töm avgränsningen (Esc)",
    "tyyppi": "Typ",
    "ui-kieli": "Användargränssnittets språk",
    "uusi-oppiaine": "Nytt läroämne",
    "uusi-ops": "Ny läroplan",
    "uusi-pohja": "Ny botten",
    "uusi-valinnainen-aine": "Nytt valfritt ämne",
    "uutta-oppiainetta-ei-voi-luoda":
        "[Uutta oppiainetta ei voi luoda, koska opetussuunnitelman pohjalla olevaa perustetta ei löytynyt.]",
    "vahvista-liikkuminen": "Bekräfta att du vill förflytta dig ",
    "vahvista-poisto": "Bekräfta raderingen",
    "valinnaisen-nimi": "Det valfria läroämnets namn",
    "valinnaisen-oppiaineen-tehtava": "Valinnaisen tehtävä",
    "valinnaiset-oppiaineet": "Valfrihet i den grundläggande utbildningen",
    "valitse": "Välj",
    "valitse-koulut": "Välj skolor",
    "valitse-koulutustoimijat": "Välj utbildningsaktör/utbildningsaktörer",
    "valitse-kunnat": "Välj kommun/kommuner",
    "valitse-peruste": "Välj grunder",
    "valitse-pohja": "Välj läroplan…",
    "valitse-tyyppi": "Välj typ...",
    "valmis": "Färdig",
    "varmista-kopiointi": "Bekräfta kopieringen",
    "varmista-poisto": "Bekräfta raderingen",
    "varmista-tavoitteet-tyhjennys": "Ska målen som hämtats för årskursen tömmas?",
    "varmista-tavoitteet-tyhjennys-otsikko": "Bekräfta tömningen",
    "vastaa": "Svara",
    "veda-tavoitteet-tahan": "Dra målen och innehållen hit",
    "vieras-kieli-a1": "Främmande språk, A1-lärokurs",
    "vieras-kieli-a2": "Främmande språk, A2-lärokurs",
    "vieras-kieli-b1": "Främmande språk, B1-lärokurs",
    "vieras-kieli-b2": "Främmande språk, B2-lärokurs",
    "viesti-poistettu": "Meddelandet har raderats",
    "voimassaolo-loppuu": "Giltigheten upphör",
    "vuosiluokat": "Årskurser",
    "vuosiluokat-ja-oppiaineet": "Undervisning i de olika årskurserna",
    "vuosiluokat-ja-tavoitteet-otsikko": "[Vuosiluokat ja tavoitteet]",
    "vuosiluokittain": "[Vuosiluokittain]",
    "vuosiluokka": "Årskurs",
    "vuosiluokka-paate": "årskurs",
    "vuosiluokka-paate-lyhyt": "åk",
    "vuosiluokka_1": "1",
    "vuosiluokka_2": "2",
    "vuosiluokka_3": "3",
    "vuosiluokka_4": "4",
    "vuosiluokka_5": "5",
    "vuosiluokka_6": "6",
    "vuosiluokka_7": "7",
    "vuosiluokka_8": "8",
    "vuosiluokka_9": "9",
    "vuosiluokkaistaminen": "Fördela målen och innehållet enligt årskurs",
    "vuosiluokkaistaminen-ohje":
        "<p>Fördela målen och innehållen enligt årskurs genom att dra målen till årskurserna.</p><p>Om det mål som har flyttats till årskursen raderas, kan innehållet som skrivits till ifrågavarande mål och innehållsområde försvinna.</p>",
    "vuosiluokkaistaminen-on-jo-tehty": "Fördelningen enligt årskurs har redan gjorts",
    "vuosiluokkaistaminen-varoitus":
        "Fördelningen enligt årskurs kan medföra att det lokala innehållet i målen och innehållsområdena försvinner. Vill du fortsätta?",
    "vuosiluokkaistamista-ei-viela-tehty": "Målen har inte ännu fördelats enligt årskurs.",
    "vuosiluokkakokonaisuudet": "Årskurshelheter",
    "vuosiviikkotuntia": "årsveckotimmar",
    "vvh": "åvh",
    "dokumentti": "Dokument",
    "yhteystiedot": "Kontaktuppgifter",
    "yhteystiedot-placeholder": "Lägg till kontaktuppgifter",
    "ylikirjoita-uusi-sisalto": "Fortsätt redigera",
    "ylikirjoittaessasi-voit-palauttaa":
        "När du fortsätter kan du skriva över ändringar som andra har gjort. De blir kvar i ändringshistoriken och du kan återställa dem därifrån.",

    "nayta-opsina": "Visa som läroplan",
    "nayta-pohjana": "Visa som botten",

    "virhe": "Fel",
    "virhe-sivua-ei-loytynyt": "Sidan kunde inte hittas",
    "virhe-muu": "Okänt fel",
    "virhe-tilan-vaihtamisessa": "Ändra programstatus misslyckades",
    "virhe-edelliseen-nakymaan": "Tidigare vy",
    "virhe-ylempaan-nakymaan": "Övre vy",
    "virhe-opetussuunnitelmaan": "Läroplanen",
    "virhe-nayta-lisatiedot": "Visa teknisk information om felet",
    "virhe-piilota-lisatiedot": "Dölj teknisk information om felet",
    "oppiaine-osa-tehtava": "Läroämnets uppdrag",
    "oppiaine-osa-tavoitteet": "Mål för undervisningen",
    "kurssi-osa-tavoitteet": "Mål",
    "kurssi-osa-keskeinenSisalto": "Centralt innehåll"
}
